[
  {
    "name": "Application Start",
    "start": 1555050147673,
    "end": 1555050148357,
    "duration": 684,
    "pid": 19204,
    "index": 0
  },
  {
    "name": "Load Plugin",
    "start": 1555050147678,
    "end": 1555050147694,
    "duration": 16,
    "pid": 19204,
    "index": 1
  },
  {
    "name": "Load Config",
    "start": 1555050147694,
    "end": 1555050147715,
    "duration": 21,
    "pid": 19204,
    "index": 2
  },
  {
    "name": "Require(0) config/config.default.js",
    "start": 1555050147695,
    "end": 1555050147695,
    "duration": 0,
    "pid": 19204,
    "index": 3
  },
  {
    "name": "Require(1) node_modules/_egg-session@3.1.0@egg-session/config/config.default.js",
    "start": 1555050147697,
    "end": 1555050147697,
    "duration": 0,
    "pid": 19204,
    "index": 4
  },
  {
    "name": "Require(2) node_modules/_egg-security@2.5.0@egg-security/config/config.default.js",
    "start": 1555050147698,
    "end": 1555050147698,
    "duration": 0,
    "pid": 19204,
    "index": 5
  },
  {
    "name": "Require(3) node_modules/_egg-jsonp@2.0.0@egg-jsonp/config/config.default.js",
    "start": 1555050147700,
    "end": 1555050147700,
    "duration": 0,
    "pid": 19204,
    "index": 6
  },
  {
    "name": "Require(4) node_modules/_egg-onerror@2.1.0@egg-onerror/config/config.default.js",
    "start": 1555050147700,
    "end": 1555050147701,
    "duration": 1,
    "pid": 19204,
    "index": 7
  },
  {
    "name": "Require(5) node_modules/_egg-i18n@2.0.0@egg-i18n/config/config.default.js",
    "start": 1555050147701,
    "end": 1555050147701,
    "duration": 0,
    "pid": 19204,
    "index": 8
  },
  {
    "name": "Require(6) node_modules/_egg-watcher@3.1.0@egg-watcher/config/config.default.js",
    "start": 1555050147702,
    "end": 1555050147702,
    "duration": 0,
    "pid": 19204,
    "index": 9
  },
  {
    "name": "Require(7) node_modules/_egg-schedule@3.6.1@egg-schedule/config/config.default.js",
    "start": 1555050147702,
    "end": 1555050147702,
    "duration": 0,
    "pid": 19204,
    "index": 10
  },
  {
    "name": "Require(8) node_modules/_egg-multipart@2.4.0@egg-multipart/config/config.default.js",
    "start": 1555050147703,
    "end": 1555050147703,
    "duration": 0,
    "pid": 19204,
    "index": 11
  },
  {
    "name": "Require(9) node_modules/_egg-development@2.4.2@egg-development/config/config.default.js",
    "start": 1555050147704,
    "end": 1555050147704,
    "duration": 0,
    "pid": 19204,
    "index": 12
  },
  {
    "name": "Require(10) node_modules/_egg-logrotator@3.0.7@egg-logrotator/config/config.default.js",
    "start": 1555050147705,
    "end": 1555050147705,
    "duration": 0,
    "pid": 19204,
    "index": 13
  },
  {
    "name": "Require(11) node_modules/_egg-static@2.2.0@egg-static/config/config.default.js",
    "start": 1555050147705,
    "end": 1555050147706,
    "duration": 1,
    "pid": 19204,
    "index": 14
  },
  {
    "name": "Require(12) node_modules/_egg-view@2.1.2@egg-view/config/config.default.js",
    "start": 1555050147706,
    "end": 1555050147707,
    "duration": 1,
    "pid": 19204,
    "index": 15
  },
  {
    "name": "Require(13) node_modules/_egg-view-ejs@2.0.0@egg-view-ejs/config/config.default.js",
    "start": 1555050147707,
    "end": 1555050147707,
    "duration": 0,
    "pid": 19204,
    "index": 16
  },
  {
    "name": "Require(14) node_modules/_egg-socket.io@4.1.5@egg-socket.io/config/config.default.js",
    "start": 1555050147708,
    "end": 1555050147708,
    "duration": 0,
    "pid": 19204,
    "index": 17
  },
  {
    "name": "Require(15) node_modules/_egg@2.21.0@egg/config/config.default.js",
    "start": 1555050147708,
    "end": 1555050147709,
    "duration": 1,
    "pid": 19204,
    "index": 18
  },
  {
    "name": "Require(16) config/config.default.js",
    "start": 1555050147711,
    "end": 1555050147711,
    "duration": 0,
    "pid": 19204,
    "index": 19
  },
  {
    "name": "Require(17) node_modules/_egg-security@2.5.0@egg-security/config/config.local.js",
    "start": 1555050147712,
    "end": 1555050147712,
    "duration": 0,
    "pid": 19204,
    "index": 20
  },
  {
    "name": "Require(18) node_modules/_egg-watcher@3.1.0@egg-watcher/config/config.local.js",
    "start": 1555050147712,
    "end": 1555050147712,
    "duration": 0,
    "pid": 19204,
    "index": 21
  },
  {
    "name": "Require(19) node_modules/_egg-view@2.1.2@egg-view/config/config.local.js",
    "start": 1555050147713,
    "end": 1555050147713,
    "duration": 0,
    "pid": 19204,
    "index": 22
  },
  {
    "name": "Require(20) node_modules/_egg-view-ejs@2.0.0@egg-view-ejs/config/config.local.js",
    "start": 1555050147714,
    "end": 1555050147714,
    "duration": 0,
    "pid": 19204,
    "index": 23
  },
  {
    "name": "Require(21) node_modules/_egg@2.21.0@egg/config/config.local.js",
    "start": 1555050147714,
    "end": 1555050147715,
    "duration": 1,
    "pid": 19204,
    "index": 24
  },
  {
    "name": "Load extend/application.js",
    "start": 1555050147716,
    "end": 1555050147770,
    "duration": 54,
    "pid": 19204,
    "index": 25
  },
  {
    "name": "Require(22) node_modules/_egg-session@3.1.0@egg-session/app/extend/application.js",
    "start": 1555050147717,
    "end": 1555050147717,
    "duration": 0,
    "pid": 19204,
    "index": 26
  },
  {
    "name": "Require(23) node_modules/_egg-security@2.5.0@egg-security/app/extend/application.js",
    "start": 1555050147718,
    "end": 1555050147718,
    "duration": 0,
    "pid": 19204,
    "index": 27
  },
  {
    "name": "Require(24) node_modules/_egg-jsonp@2.0.0@egg-jsonp/app/extend/application.js",
    "start": 1555050147719,
    "end": 1555050147721,
    "duration": 2,
    "pid": 19204,
    "index": 28
  },
  {
    "name": "Require(25) node_modules/_egg-logrotator@3.0.7@egg-logrotator/app/extend/application.js",
    "start": 1555050147722,
    "end": 1555050147725,
    "duration": 3,
    "pid": 19204,
    "index": 29
  },
  {
    "name": "Require(26) node_modules/_egg-view@2.1.2@egg-view/app/extend/application.js",
    "start": 1555050147725,
    "end": 1555050147729,
    "duration": 4,
    "pid": 19204,
    "index": 30
  },
  {
    "name": "Require(27) node_modules/_egg-socket.io@4.1.5@egg-socket.io/app/extend/application.js",
    "start": 1555050147729,
    "end": 1555050147768,
    "duration": 39,
    "pid": 19204,
    "index": 31
  },
  {
    "name": "Load extend/request.js",
    "start": 1555050147770,
    "end": 1555050147776,
    "duration": 6,
    "pid": 19204,
    "index": 32
  },
  {
    "name": "Require(28) node_modules/_egg@2.21.0@egg/app/extend/request.js",
    "start": 1555050147772,
    "end": 1555050147774,
    "duration": 2,
    "pid": 19204,
    "index": 33
  },
  {
    "name": "Load extend/response.js",
    "start": 1555050147776,
    "end": 1555050147786,
    "duration": 10,
    "pid": 19204,
    "index": 34
  },
  {
    "name": "Require(29) node_modules/_egg@2.21.0@egg/app/extend/response.js",
    "start": 1555050147779,
    "end": 1555050147784,
    "duration": 5,
    "pid": 19204,
    "index": 35
  },
  {
    "name": "Load extend/context.js",
    "start": 1555050147786,
    "end": 1555050147844,
    "duration": 58,
    "pid": 19204,
    "index": 36
  },
  {
    "name": "Require(30) node_modules/_egg-security@2.5.0@egg-security/app/extend/context.js",
    "start": 1555050147787,
    "end": 1555050147800,
    "duration": 13,
    "pid": 19204,
    "index": 37
  },
  {
    "name": "Require(31) node_modules/_egg-jsonp@2.0.0@egg-jsonp/app/extend/context.js",
    "start": 1555050147801,
    "end": 1555050147802,
    "duration": 1,
    "pid": 19204,
    "index": 38
  },
  {
    "name": "Require(32) node_modules/_egg-i18n@2.0.0@egg-i18n/app/extend/context.js",
    "start": 1555050147803,
    "end": 1555050147803,
    "duration": 0,
    "pid": 19204,
    "index": 39
  },
  {
    "name": "Require(33) node_modules/_egg-multipart@2.4.0@egg-multipart/app/extend/context.js",
    "start": 1555050147804,
    "end": 1555050147839,
    "duration": 35,
    "pid": 19204,
    "index": 40
  },
  {
    "name": "Require(34) node_modules/_egg-view@2.1.2@egg-view/app/extend/context.js",
    "start": 1555050147840,
    "end": 1555050147840,
    "duration": 0,
    "pid": 19204,
    "index": 41
  },
  {
    "name": "Require(35) node_modules/_egg@2.21.0@egg/app/extend/context.js",
    "start": 1555050147841,
    "end": 1555050147842,
    "duration": 1,
    "pid": 19204,
    "index": 42
  },
  {
    "name": "Load extend/helper.js",
    "start": 1555050147844,
    "end": 1555050147864,
    "duration": 20,
    "pid": 19204,
    "index": 43
  },
  {
    "name": "Require(36) node_modules/_egg-security@2.5.0@egg-security/app/extend/helper.js",
    "start": 1555050147844,
    "end": 1555050147860,
    "duration": 16,
    "pid": 19204,
    "index": 44
  },
  {
    "name": "Require(37) node_modules/_egg@2.21.0@egg/app/extend/helper.js",
    "start": 1555050147862,
    "end": 1555050147862,
    "duration": 0,
    "pid": 19204,
    "index": 45
  },
  {
    "name": "Load app.js",
    "start": 1555050147865,
    "end": 1555050147936,
    "duration": 71,
    "pid": 19204,
    "index": 46
  },
  {
    "name": "Require(38) node_modules/_egg-session@3.1.0@egg-session/app.js",
    "start": 1555050147865,
    "end": 1555050147865,
    "duration": 0,
    "pid": 19204,
    "index": 47
  },
  {
    "name": "Require(39) node_modules/_egg-security@2.5.0@egg-security/app.js",
    "start": 1555050147866,
    "end": 1555050147867,
    "duration": 1,
    "pid": 19204,
    "index": 48
  },
  {
    "name": "Require(40) node_modules/_egg-onerror@2.1.0@egg-onerror/app.js",
    "start": 1555050147867,
    "end": 1555050147879,
    "duration": 12,
    "pid": 19204,
    "index": 49
  },
  {
    "name": "Require(41) node_modules/_egg-i18n@2.0.0@egg-i18n/app.js",
    "start": 1555050147879,
    "end": 1555050147885,
    "duration": 6,
    "pid": 19204,
    "index": 50
  },
  {
    "name": "Require(42) node_modules/_egg-watcher@3.1.0@egg-watcher/app.js",
    "start": 1555050147885,
    "end": 1555050147892,
    "duration": 7,
    "pid": 19204,
    "index": 51
  },
  {
    "name": "Require(43) node_modules/_egg-schedule@3.6.1@egg-schedule/app.js",
    "start": 1555050147892,
    "end": 1555050147894,
    "duration": 2,
    "pid": 19204,
    "index": 52
  },
  {
    "name": "Require(44) node_modules/_egg-multipart@2.4.0@egg-multipart/app.js",
    "start": 1555050147895,
    "end": 1555050147897,
    "duration": 2,
    "pid": 19204,
    "index": 53
  },
  {
    "name": "Require(45) node_modules/_egg-development@2.4.2@egg-development/app.js",
    "start": 1555050147898,
    "end": 1555050147898,
    "duration": 0,
    "pid": 19204,
    "index": 54
  },
  {
    "name": "Require(46) node_modules/_egg-logrotator@3.0.7@egg-logrotator/app.js",
    "start": 1555050147898,
    "end": 1555050147898,
    "duration": 0,
    "pid": 19204,
    "index": 55
  },
  {
    "name": "Require(47) node_modules/_egg-static@2.2.0@egg-static/app.js",
    "start": 1555050147898,
    "end": 1555050147899,
    "duration": 1,
    "pid": 19204,
    "index": 56
  },
  {
    "name": "Require(48) node_modules/_egg-view-ejs@2.0.0@egg-view-ejs/app.js",
    "start": 1555050147899,
    "end": 1555050147899,
    "duration": 0,
    "pid": 19204,
    "index": 57
  },
  {
    "name": "Require(49) node_modules/_egg-socket.io@4.1.5@egg-socket.io/app.js",
    "start": 1555050147900,
    "end": 1555050147936,
    "duration": 36,
    "pid": 19204,
    "index": 58
  },
  {
    "name": "Before Start in node_modules/_egg-watcher@3.1.0@egg-watcher/lib/init.js:15:14",
    "start": 1555050147950,
    "end": 1555050148351,
    "duration": 401,
    "pid": 19204,
    "index": 59
  },
  {
    "name": "Load Controller",
    "start": 1555050148002,
    "end": 1555050148326,
    "duration": 324,
    "pid": 19204,
    "index": 60
  },
  {
    "name": "Load \"controller\" to Application",
    "start": 1555050148003,
    "end": 1555050148326,
    "duration": 323,
    "pid": 19204,
    "index": 61
  },
  {
    "name": "Before Start in node_modules/_egg-socket.io@4.1.5@egg-socket.io/lib/io.js:26:7",
    "start": 1555050148005,
    "end": 1555050148337,
    "duration": 332,
    "pid": 19204,
    "index": 62
  },
  {
    "name": "Load Service",
    "start": 1555050148005,
    "end": 1555050148258,
    "duration": 253,
    "pid": 19204,
    "index": 63
  },
  {
    "name": "Load \"service\" to Context",
    "start": 1555050148005,
    "end": 1555050148258,
    "duration": 253,
    "pid": 19204,
    "index": 64
  },
  {
    "name": "Load Middleware",
    "start": 1555050148259,
    "end": 1555050148326,
    "duration": 67,
    "pid": 19204,
    "index": 65
  },
  {
    "name": "Load \"middlewares\" to Application",
    "start": 1555050148259,
    "end": 1555050148319,
    "duration": 60,
    "pid": 19204,
    "index": 66
  },
  {
    "name": "Load Controller",
    "start": 1555050148326,
    "end": 1555050148327,
    "duration": 1,
    "pid": 19204,
    "index": 67
  },
  {
    "name": "Load \"controller\" to Application",
    "start": 1555050148326,
    "end": 1555050148327,
    "duration": 1,
    "pid": 19204,
    "index": 68
  },
  {
    "name": "Load Router",
    "start": 1555050148327,
    "end": 1555050148329,
    "duration": 2,
    "pid": 19204,
    "index": 69
  },
  {
    "name": "Require(50) app/router.js",
    "start": 1555050148327,
    "end": 1555050148327,
    "duration": 0,
    "pid": 19204,
    "index": 70
  },
  {
    "name": "Before Start in node_modules/_egg-core@4.16.2@egg-core/lib/egg.js:303:10",
    "start": 1555050148328,
    "end": 1555050148337,
    "duration": 9,
    "pid": 19204,
    "index": 71
  }
]