[
  {
    "name": "Application Start",
    "start": 1555049944609,
    "end": 1555049946222,
    "duration": 1613,
    "pid": 16552,
    "index": 0
  },
  {
    "name": "Load Plugin",
    "start": 1555049944613,
    "end": 1555049944627,
    "duration": 14,
    "pid": 16552,
    "index": 1
  },
  {
    "name": "Load Config",
    "start": 1555049944627,
    "end": 1555049944641,
    "duration": 14,
    "pid": 16552,
    "index": 2
  },
  {
    "name": "Require(0) config/config.default.js",
    "start": 1555049944628,
    "end": 1555049944628,
    "duration": 0,
    "pid": 16552,
    "index": 3
  },
  {
    "name": "Require(1) node_modules/_egg-session@3.1.0@egg-session/config/config.default.js",
    "start": 1555049944629,
    "end": 1555049944629,
    "duration": 0,
    "pid": 16552,
    "index": 4
  },
  {
    "name": "Require(2) node_modules/_egg-security@2.5.0@egg-security/config/config.default.js",
    "start": 1555049944630,
    "end": 1555049944630,
    "duration": 0,
    "pid": 16552,
    "index": 5
  },
  {
    "name": "Require(3) node_modules/_egg-jsonp@2.0.0@egg-jsonp/config/config.default.js",
    "start": 1555049944631,
    "end": 1555049944631,
    "duration": 0,
    "pid": 16552,
    "index": 6
  },
  {
    "name": "Require(4) node_modules/_egg-onerror@2.1.0@egg-onerror/config/config.default.js",
    "start": 1555049944631,
    "end": 1555049944631,
    "duration": 0,
    "pid": 16552,
    "index": 7
  },
  {
    "name": "Require(5) node_modules/_egg-i18n@2.0.0@egg-i18n/config/config.default.js",
    "start": 1555049944632,
    "end": 1555049944632,
    "duration": 0,
    "pid": 16552,
    "index": 8
  },
  {
    "name": "Require(6) node_modules/_egg-watcher@3.1.0@egg-watcher/config/config.default.js",
    "start": 1555049944632,
    "end": 1555049944632,
    "duration": 0,
    "pid": 16552,
    "index": 9
  },
  {
    "name": "Require(7) node_modules/_egg-schedule@3.6.1@egg-schedule/config/config.default.js",
    "start": 1555049944633,
    "end": 1555049944633,
    "duration": 0,
    "pid": 16552,
    "index": 10
  },
  {
    "name": "Require(8) node_modules/_egg-multipart@2.4.0@egg-multipart/config/config.default.js",
    "start": 1555049944633,
    "end": 1555049944633,
    "duration": 0,
    "pid": 16552,
    "index": 11
  },
  {
    "name": "Require(9) node_modules/_egg-development@2.4.2@egg-development/config/config.default.js",
    "start": 1555049944634,
    "end": 1555049944634,
    "duration": 0,
    "pid": 16552,
    "index": 12
  },
  {
    "name": "Require(10) node_modules/_egg-logrotator@3.0.7@egg-logrotator/config/config.default.js",
    "start": 1555049944634,
    "end": 1555049944634,
    "duration": 0,
    "pid": 16552,
    "index": 13
  },
  {
    "name": "Require(11) node_modules/_egg-static@2.2.0@egg-static/config/config.default.js",
    "start": 1555049944635,
    "end": 1555049944635,
    "duration": 0,
    "pid": 16552,
    "index": 14
  },
  {
    "name": "Require(12) node_modules/_egg-view@2.1.2@egg-view/config/config.default.js",
    "start": 1555049944635,
    "end": 1555049944636,
    "duration": 1,
    "pid": 16552,
    "index": 15
  },
  {
    "name": "Require(13) node_modules/_egg-view-ejs@2.0.0@egg-view-ejs/config/config.default.js",
    "start": 1555049944636,
    "end": 1555049944636,
    "duration": 0,
    "pid": 16552,
    "index": 16
  },
  {
    "name": "Require(14) node_modules/_egg-socket.io@4.1.5@egg-socket.io/config/config.default.js",
    "start": 1555049944636,
    "end": 1555049944637,
    "duration": 1,
    "pid": 16552,
    "index": 17
  },
  {
    "name": "Require(15) node_modules/_egg@2.21.0@egg/config/config.default.js",
    "start": 1555049944637,
    "end": 1555049944637,
    "duration": 0,
    "pid": 16552,
    "index": 18
  },
  {
    "name": "Require(16) config/config.default.js",
    "start": 1555049944638,
    "end": 1555049944638,
    "duration": 0,
    "pid": 16552,
    "index": 19
  },
  {
    "name": "Require(17) node_modules/_egg-security@2.5.0@egg-security/config/config.local.js",
    "start": 1555049944639,
    "end": 1555049944639,
    "duration": 0,
    "pid": 16552,
    "index": 20
  },
  {
    "name": "Require(18) node_modules/_egg-watcher@3.1.0@egg-watcher/config/config.local.js",
    "start": 1555049944639,
    "end": 1555049944639,
    "duration": 0,
    "pid": 16552,
    "index": 21
  },
  {
    "name": "Require(19) node_modules/_egg-view@2.1.2@egg-view/config/config.local.js",
    "start": 1555049944640,
    "end": 1555049944640,
    "duration": 0,
    "pid": 16552,
    "index": 22
  },
  {
    "name": "Require(20) node_modules/_egg-view-ejs@2.0.0@egg-view-ejs/config/config.local.js",
    "start": 1555049944640,
    "end": 1555049944640,
    "duration": 0,
    "pid": 16552,
    "index": 23
  },
  {
    "name": "Require(21) node_modules/_egg@2.21.0@egg/config/config.local.js",
    "start": 1555049944641,
    "end": 1555049944641,
    "duration": 0,
    "pid": 16552,
    "index": 24
  },
  {
    "name": "Load extend/application.js",
    "start": 1555049944642,
    "end": 1555049944684,
    "duration": 42,
    "pid": 16552,
    "index": 25
  },
  {
    "name": "Require(22) node_modules/_egg-session@3.1.0@egg-session/app/extend/application.js",
    "start": 1555049944643,
    "end": 1555049944643,
    "duration": 0,
    "pid": 16552,
    "index": 26
  },
  {
    "name": "Require(23) node_modules/_egg-security@2.5.0@egg-security/app/extend/application.js",
    "start": 1555049944643,
    "end": 1555049944644,
    "duration": 1,
    "pid": 16552,
    "index": 27
  },
  {
    "name": "Require(24) node_modules/_egg-jsonp@2.0.0@egg-jsonp/app/extend/application.js",
    "start": 1555049944644,
    "end": 1555049944646,
    "duration": 2,
    "pid": 16552,
    "index": 28
  },
  {
    "name": "Require(25) node_modules/_egg-logrotator@3.0.7@egg-logrotator/app/extend/application.js",
    "start": 1555049944646,
    "end": 1555049944648,
    "duration": 2,
    "pid": 16552,
    "index": 29
  },
  {
    "name": "Require(26) node_modules/_egg-view@2.1.2@egg-view/app/extend/application.js",
    "start": 1555049944649,
    "end": 1555049944650,
    "duration": 1,
    "pid": 16552,
    "index": 30
  },
  {
    "name": "Require(27) node_modules/_egg-socket.io@4.1.5@egg-socket.io/app/extend/application.js",
    "start": 1555049944652,
    "end": 1555049944682,
    "duration": 30,
    "pid": 16552,
    "index": 31
  },
  {
    "name": "Load extend/request.js",
    "start": 1555049944684,
    "end": 1555049944687,
    "duration": 3,
    "pid": 16552,
    "index": 32
  },
  {
    "name": "Require(28) node_modules/_egg@2.21.0@egg/app/extend/request.js",
    "start": 1555049944685,
    "end": 1555049944686,
    "duration": 1,
    "pid": 16552,
    "index": 33
  },
  {
    "name": "Load extend/response.js",
    "start": 1555049944687,
    "end": 1555049944694,
    "duration": 7,
    "pid": 16552,
    "index": 34
  },
  {
    "name": "Require(29) node_modules/_egg@2.21.0@egg/app/extend/response.js",
    "start": 1555049944689,
    "end": 1555049944692,
    "duration": 3,
    "pid": 16552,
    "index": 35
  },
  {
    "name": "Load extend/context.js",
    "start": 1555049944694,
    "end": 1555049944737,
    "duration": 43,
    "pid": 16552,
    "index": 36
  },
  {
    "name": "Require(30) node_modules/_egg-security@2.5.0@egg-security/app/extend/context.js",
    "start": 1555049944694,
    "end": 1555049944705,
    "duration": 11,
    "pid": 16552,
    "index": 37
  },
  {
    "name": "Require(31) node_modules/_egg-jsonp@2.0.0@egg-jsonp/app/extend/context.js",
    "start": 1555049944705,
    "end": 1555049944706,
    "duration": 1,
    "pid": 16552,
    "index": 38
  },
  {
    "name": "Require(32) node_modules/_egg-i18n@2.0.0@egg-i18n/app/extend/context.js",
    "start": 1555049944706,
    "end": 1555049944706,
    "duration": 0,
    "pid": 16552,
    "index": 39
  },
  {
    "name": "Require(33) node_modules/_egg-multipart@2.4.0@egg-multipart/app/extend/context.js",
    "start": 1555049944707,
    "end": 1555049944732,
    "duration": 25,
    "pid": 16552,
    "index": 40
  },
  {
    "name": "Require(34) node_modules/_egg-view@2.1.2@egg-view/app/extend/context.js",
    "start": 1555049944733,
    "end": 1555049944734,
    "duration": 1,
    "pid": 16552,
    "index": 41
  },
  {
    "name": "Require(35) node_modules/_egg@2.21.0@egg/app/extend/context.js",
    "start": 1555049944734,
    "end": 1555049944735,
    "duration": 1,
    "pid": 16552,
    "index": 42
  },
  {
    "name": "Load extend/helper.js",
    "start": 1555049944737,
    "end": 1555049944750,
    "duration": 13,
    "pid": 16552,
    "index": 43
  },
  {
    "name": "Require(36) node_modules/_egg-security@2.5.0@egg-security/app/extend/helper.js",
    "start": 1555049944737,
    "end": 1555049944747,
    "duration": 10,
    "pid": 16552,
    "index": 44
  },
  {
    "name": "Require(37) node_modules/_egg@2.21.0@egg/app/extend/helper.js",
    "start": 1555049944748,
    "end": 1555049944749,
    "duration": 1,
    "pid": 16552,
    "index": 45
  },
  {
    "name": "Load app.js",
    "start": 1555049944750,
    "end": 1555049944821,
    "duration": 71,
    "pid": 16552,
    "index": 46
  },
  {
    "name": "Require(38) node_modules/_egg-session@3.1.0@egg-session/app.js",
    "start": 1555049944750,
    "end": 1555049944750,
    "duration": 0,
    "pid": 16552,
    "index": 47
  },
  {
    "name": "Require(39) node_modules/_egg-security@2.5.0@egg-security/app.js",
    "start": 1555049944751,
    "end": 1555049944752,
    "duration": 1,
    "pid": 16552,
    "index": 48
  },
  {
    "name": "Require(40) node_modules/_egg-onerror@2.1.0@egg-onerror/app.js",
    "start": 1555049944752,
    "end": 1555049944762,
    "duration": 10,
    "pid": 16552,
    "index": 49
  },
  {
    "name": "Require(41) node_modules/_egg-i18n@2.0.0@egg-i18n/app.js",
    "start": 1555049944762,
    "end": 1555049944767,
    "duration": 5,
    "pid": 16552,
    "index": 50
  },
  {
    "name": "Require(42) node_modules/_egg-watcher@3.1.0@egg-watcher/app.js",
    "start": 1555049944768,
    "end": 1555049944773,
    "duration": 5,
    "pid": 16552,
    "index": 51
  },
  {
    "name": "Require(43) node_modules/_egg-schedule@3.6.1@egg-schedule/app.js",
    "start": 1555049944773,
    "end": 1555049944775,
    "duration": 2,
    "pid": 16552,
    "index": 52
  },
  {
    "name": "Require(44) node_modules/_egg-multipart@2.4.0@egg-multipart/app.js",
    "start": 1555049944776,
    "end": 1555049944778,
    "duration": 2,
    "pid": 16552,
    "index": 53
  },
  {
    "name": "Require(45) node_modules/_egg-development@2.4.2@egg-development/app.js",
    "start": 1555049944779,
    "end": 1555049944779,
    "duration": 0,
    "pid": 16552,
    "index": 54
  },
  {
    "name": "Require(46) node_modules/_egg-logrotator@3.0.7@egg-logrotator/app.js",
    "start": 1555049944779,
    "end": 1555049944779,
    "duration": 0,
    "pid": 16552,
    "index": 55
  },
  {
    "name": "Require(47) node_modules/_egg-static@2.2.0@egg-static/app.js",
    "start": 1555049944779,
    "end": 1555049944780,
    "duration": 1,
    "pid": 16552,
    "index": 56
  },
  {
    "name": "Require(48) node_modules/_egg-view-ejs@2.0.0@egg-view-ejs/app.js",
    "start": 1555049944780,
    "end": 1555049944780,
    "duration": 0,
    "pid": 16552,
    "index": 57
  },
  {
    "name": "Require(49) node_modules/_egg-socket.io@4.1.5@egg-socket.io/app.js",
    "start": 1555049944780,
    "end": 1555049944820,
    "duration": 40,
    "pid": 16552,
    "index": 58
  },
  {
    "name": "Before Start in node_modules/_egg-watcher@3.1.0@egg-watcher/lib/init.js:15:14",
    "start": 1555049944835,
    "end": 1555049946216,
    "duration": 1381,
    "pid": 16552,
    "index": 59
  },
  {
    "name": "Load Controller",
    "start": 1555049944881,
    "end": 1555049946143,
    "duration": 1262,
    "pid": 16552,
    "index": 60
  },
  {
    "name": "Load \"controller\" to Application",
    "start": 1555049944881,
    "end": 1555049946143,
    "duration": 1262,
    "pid": 16552,
    "index": 61
  },
  {
    "name": "Before Start in node_modules/_egg-socket.io@4.1.5@egg-socket.io/lib/io.js:26:7",
    "start": 1555049944884,
    "end": 1555049946199,
    "duration": 1315,
    "pid": 16552,
    "index": 62
  },
  {
    "name": "Load Service",
    "start": 1555049944884,
    "end": 1555049945599,
    "duration": 715,
    "pid": 16552,
    "index": 63
  },
  {
    "name": "Load \"service\" to Context",
    "start": 1555049944884,
    "end": 1555049945599,
    "duration": 715,
    "pid": 16552,
    "index": 64
  },
  {
    "name": "Load Middleware",
    "start": 1555049945599,
    "end": 1555049946143,
    "duration": 544,
    "pid": 16552,
    "index": 65
  },
  {
    "name": "Load \"middlewares\" to Application",
    "start": 1555049945599,
    "end": 1555049946120,
    "duration": 521,
    "pid": 16552,
    "index": 66
  },
  {
    "name": "Load Controller",
    "start": 1555049946143,
    "end": 1555049946144,
    "duration": 1,
    "pid": 16552,
    "index": 67
  },
  {
    "name": "Load \"controller\" to Application",
    "start": 1555049946143,
    "end": 1555049946144,
    "duration": 1,
    "pid": 16552,
    "index": 68
  },
  {
    "name": "Load Router",
    "start": 1555049946144,
    "end": 1555049946162,
    "duration": 18,
    "pid": 16552,
    "index": 69
  },
  {
    "name": "Require(50) app/router.js",
    "start": 1555049946144,
    "end": 1555049946144,
    "duration": 0,
    "pid": 16552,
    "index": 70
  },
  {
    "name": "Before Start in node_modules/_egg-core@4.16.2@egg-core/lib/egg.js:303:10",
    "start": 1555049946145,
    "end": 1555049946199,
    "duration": 54,
    "pid": 16552,
    "index": 71
  }
]