[
  {
    "name": "Application Start",
    "start": 1555050104094,
    "end": 1555050104645,
    "duration": 551,
    "pid": 1264,
    "index": 0
  },
  {
    "name": "Load Plugin",
    "start": 1555050104100,
    "end": 1555050104112,
    "duration": 12,
    "pid": 1264,
    "index": 1
  },
  {
    "name": "Load Config",
    "start": 1555050104112,
    "end": 1555050104127,
    "duration": 15,
    "pid": 1264,
    "index": 2
  },
  {
    "name": "Require(0) config/config.default.js",
    "start": 1555050104113,
    "end": 1555050104113,
    "duration": 0,
    "pid": 1264,
    "index": 3
  },
  {
    "name": "Require(1) node_modules/_egg-session@3.1.0@egg-session/config/config.default.js",
    "start": 1555050104114,
    "end": 1555050104114,
    "duration": 0,
    "pid": 1264,
    "index": 4
  },
  {
    "name": "Require(2) node_modules/_egg-security@2.5.0@egg-security/config/config.default.js",
    "start": 1555050104115,
    "end": 1555050104115,
    "duration": 0,
    "pid": 1264,
    "index": 5
  },
  {
    "name": "Require(3) node_modules/_egg-jsonp@2.0.0@egg-jsonp/config/config.default.js",
    "start": 1555050104116,
    "end": 1555050104116,
    "duration": 0,
    "pid": 1264,
    "index": 6
  },
  {
    "name": "Require(4) node_modules/_egg-onerror@2.1.0@egg-onerror/config/config.default.js",
    "start": 1555050104116,
    "end": 1555050104116,
    "duration": 0,
    "pid": 1264,
    "index": 7
  },
  {
    "name": "Require(5) node_modules/_egg-i18n@2.0.0@egg-i18n/config/config.default.js",
    "start": 1555050104117,
    "end": 1555050104117,
    "duration": 0,
    "pid": 1264,
    "index": 8
  },
  {
    "name": "Require(6) node_modules/_egg-watcher@3.1.0@egg-watcher/config/config.default.js",
    "start": 1555050104118,
    "end": 1555050104118,
    "duration": 0,
    "pid": 1264,
    "index": 9
  },
  {
    "name": "Require(7) node_modules/_egg-schedule@3.6.1@egg-schedule/config/config.default.js",
    "start": 1555050104118,
    "end": 1555050104118,
    "duration": 0,
    "pid": 1264,
    "index": 10
  },
  {
    "name": "Require(8) node_modules/_egg-multipart@2.4.0@egg-multipart/config/config.default.js",
    "start": 1555050104119,
    "end": 1555050104119,
    "duration": 0,
    "pid": 1264,
    "index": 11
  },
  {
    "name": "Require(9) node_modules/_egg-development@2.4.2@egg-development/config/config.default.js",
    "start": 1555050104119,
    "end": 1555050104120,
    "duration": 1,
    "pid": 1264,
    "index": 12
  },
  {
    "name": "Require(10) node_modules/_egg-logrotator@3.0.7@egg-logrotator/config/config.default.js",
    "start": 1555050104120,
    "end": 1555050104120,
    "duration": 0,
    "pid": 1264,
    "index": 13
  },
  {
    "name": "Require(11) node_modules/_egg-static@2.2.0@egg-static/config/config.default.js",
    "start": 1555050104120,
    "end": 1555050104120,
    "duration": 0,
    "pid": 1264,
    "index": 14
  },
  {
    "name": "Require(12) node_modules/_egg-view@2.1.2@egg-view/config/config.default.js",
    "start": 1555050104121,
    "end": 1555050104121,
    "duration": 0,
    "pid": 1264,
    "index": 15
  },
  {
    "name": "Require(13) node_modules/_egg-view-ejs@2.0.0@egg-view-ejs/config/config.default.js",
    "start": 1555050104121,
    "end": 1555050104121,
    "duration": 0,
    "pid": 1264,
    "index": 16
  },
  {
    "name": "Require(14) node_modules/_egg-socket.io@4.1.5@egg-socket.io/config/config.default.js",
    "start": 1555050104122,
    "end": 1555050104122,
    "duration": 0,
    "pid": 1264,
    "index": 17
  },
  {
    "name": "Require(15) node_modules/_egg@2.21.0@egg/config/config.default.js",
    "start": 1555050104122,
    "end": 1555050104123,
    "duration": 1,
    "pid": 1264,
    "index": 18
  },
  {
    "name": "Require(16) config/config.default.js",
    "start": 1555050104123,
    "end": 1555050104123,
    "duration": 0,
    "pid": 1264,
    "index": 19
  },
  {
    "name": "Require(17) node_modules/_egg-security@2.5.0@egg-security/config/config.local.js",
    "start": 1555050104124,
    "end": 1555050104124,
    "duration": 0,
    "pid": 1264,
    "index": 20
  },
  {
    "name": "Require(18) node_modules/_egg-watcher@3.1.0@egg-watcher/config/config.local.js",
    "start": 1555050104124,
    "end": 1555050104124,
    "duration": 0,
    "pid": 1264,
    "index": 21
  },
  {
    "name": "Require(19) node_modules/_egg-view@2.1.2@egg-view/config/config.local.js",
    "start": 1555050104125,
    "end": 1555050104126,
    "duration": 1,
    "pid": 1264,
    "index": 22
  },
  {
    "name": "Require(20) node_modules/_egg-view-ejs@2.0.0@egg-view-ejs/config/config.local.js",
    "start": 1555050104126,
    "end": 1555050104126,
    "duration": 0,
    "pid": 1264,
    "index": 23
  },
  {
    "name": "Require(21) node_modules/_egg@2.21.0@egg/config/config.local.js",
    "start": 1555050104126,
    "end": 1555050104126,
    "duration": 0,
    "pid": 1264,
    "index": 24
  },
  {
    "name": "Load extend/application.js",
    "start": 1555050104128,
    "end": 1555050104166,
    "duration": 38,
    "pid": 1264,
    "index": 25
  },
  {
    "name": "Require(22) node_modules/_egg-session@3.1.0@egg-session/app/extend/application.js",
    "start": 1555050104128,
    "end": 1555050104128,
    "duration": 0,
    "pid": 1264,
    "index": 26
  },
  {
    "name": "Require(23) node_modules/_egg-security@2.5.0@egg-security/app/extend/application.js",
    "start": 1555050104128,
    "end": 1555050104129,
    "duration": 1,
    "pid": 1264,
    "index": 27
  },
  {
    "name": "Require(24) node_modules/_egg-jsonp@2.0.0@egg-jsonp/app/extend/application.js",
    "start": 1555050104129,
    "end": 1555050104131,
    "duration": 2,
    "pid": 1264,
    "index": 28
  },
  {
    "name": "Require(25) node_modules/_egg-logrotator@3.0.7@egg-logrotator/app/extend/application.js",
    "start": 1555050104131,
    "end": 1555050104133,
    "duration": 2,
    "pid": 1264,
    "index": 29
  },
  {
    "name": "Require(26) node_modules/_egg-view@2.1.2@egg-view/app/extend/application.js",
    "start": 1555050104134,
    "end": 1555050104135,
    "duration": 1,
    "pid": 1264,
    "index": 30
  },
  {
    "name": "Require(27) node_modules/_egg-socket.io@4.1.5@egg-socket.io/app/extend/application.js",
    "start": 1555050104136,
    "end": 1555050104165,
    "duration": 29,
    "pid": 1264,
    "index": 31
  },
  {
    "name": "Load extend/request.js",
    "start": 1555050104166,
    "end": 1555050104169,
    "duration": 3,
    "pid": 1264,
    "index": 32
  },
  {
    "name": "Require(28) node_modules/_egg@2.21.0@egg/app/extend/request.js",
    "start": 1555050104167,
    "end": 1555050104168,
    "duration": 1,
    "pid": 1264,
    "index": 33
  },
  {
    "name": "Load extend/response.js",
    "start": 1555050104169,
    "end": 1555050104175,
    "duration": 6,
    "pid": 1264,
    "index": 34
  },
  {
    "name": "Require(29) node_modules/_egg@2.21.0@egg/app/extend/response.js",
    "start": 1555050104171,
    "end": 1555050104173,
    "duration": 2,
    "pid": 1264,
    "index": 35
  },
  {
    "name": "Load extend/context.js",
    "start": 1555050104175,
    "end": 1555050104216,
    "duration": 41,
    "pid": 1264,
    "index": 36
  },
  {
    "name": "Require(30) node_modules/_egg-security@2.5.0@egg-security/app/extend/context.js",
    "start": 1555050104175,
    "end": 1555050104183,
    "duration": 8,
    "pid": 1264,
    "index": 37
  },
  {
    "name": "Require(31) node_modules/_egg-jsonp@2.0.0@egg-jsonp/app/extend/context.js",
    "start": 1555050104183,
    "end": 1555050104184,
    "duration": 1,
    "pid": 1264,
    "index": 38
  },
  {
    "name": "Require(32) node_modules/_egg-i18n@2.0.0@egg-i18n/app/extend/context.js",
    "start": 1555050104184,
    "end": 1555050104185,
    "duration": 1,
    "pid": 1264,
    "index": 39
  },
  {
    "name": "Require(33) node_modules/_egg-multipart@2.4.0@egg-multipart/app/extend/context.js",
    "start": 1555050104185,
    "end": 1555050104212,
    "duration": 27,
    "pid": 1264,
    "index": 40
  },
  {
    "name": "Require(34) node_modules/_egg-view@2.1.2@egg-view/app/extend/context.js",
    "start": 1555050104213,
    "end": 1555050104213,
    "duration": 0,
    "pid": 1264,
    "index": 41
  },
  {
    "name": "Require(35) node_modules/_egg@2.21.0@egg/app/extend/context.js",
    "start": 1555050104214,
    "end": 1555050104215,
    "duration": 1,
    "pid": 1264,
    "index": 42
  },
  {
    "name": "Load extend/helper.js",
    "start": 1555050104217,
    "end": 1555050104229,
    "duration": 12,
    "pid": 1264,
    "index": 43
  },
  {
    "name": "Require(36) node_modules/_egg-security@2.5.0@egg-security/app/extend/helper.js",
    "start": 1555050104217,
    "end": 1555050104227,
    "duration": 10,
    "pid": 1264,
    "index": 44
  },
  {
    "name": "Require(37) node_modules/_egg@2.21.0@egg/app/extend/helper.js",
    "start": 1555050104228,
    "end": 1555050104228,
    "duration": 0,
    "pid": 1264,
    "index": 45
  },
  {
    "name": "Load app.js",
    "start": 1555050104229,
    "end": 1555050104282,
    "duration": 53,
    "pid": 1264,
    "index": 46
  },
  {
    "name": "Require(38) node_modules/_egg-session@3.1.0@egg-session/app.js",
    "start": 1555050104230,
    "end": 1555050104230,
    "duration": 0,
    "pid": 1264,
    "index": 47
  },
  {
    "name": "Require(39) node_modules/_egg-security@2.5.0@egg-security/app.js",
    "start": 1555050104230,
    "end": 1555050104231,
    "duration": 1,
    "pid": 1264,
    "index": 48
  },
  {
    "name": "Require(40) node_modules/_egg-onerror@2.1.0@egg-onerror/app.js",
    "start": 1555050104232,
    "end": 1555050104240,
    "duration": 8,
    "pid": 1264,
    "index": 49
  },
  {
    "name": "Require(41) node_modules/_egg-i18n@2.0.0@egg-i18n/app.js",
    "start": 1555050104240,
    "end": 1555050104245,
    "duration": 5,
    "pid": 1264,
    "index": 50
  },
  {
    "name": "Require(42) node_modules/_egg-watcher@3.1.0@egg-watcher/app.js",
    "start": 1555050104246,
    "end": 1555050104250,
    "duration": 4,
    "pid": 1264,
    "index": 51
  },
  {
    "name": "Require(43) node_modules/_egg-schedule@3.6.1@egg-schedule/app.js",
    "start": 1555050104250,
    "end": 1555050104251,
    "duration": 1,
    "pid": 1264,
    "index": 52
  },
  {
    "name": "Require(44) node_modules/_egg-multipart@2.4.0@egg-multipart/app.js",
    "start": 1555050104252,
    "end": 1555050104253,
    "duration": 1,
    "pid": 1264,
    "index": 53
  },
  {
    "name": "Require(45) node_modules/_egg-development@2.4.2@egg-development/app.js",
    "start": 1555050104253,
    "end": 1555050104254,
    "duration": 1,
    "pid": 1264,
    "index": 54
  },
  {
    "name": "Require(46) node_modules/_egg-logrotator@3.0.7@egg-logrotator/app.js",
    "start": 1555050104254,
    "end": 1555050104254,
    "duration": 0,
    "pid": 1264,
    "index": 55
  },
  {
    "name": "Require(47) node_modules/_egg-static@2.2.0@egg-static/app.js",
    "start": 1555050104254,
    "end": 1555050104254,
    "duration": 0,
    "pid": 1264,
    "index": 56
  },
  {
    "name": "Require(48) node_modules/_egg-view-ejs@2.0.0@egg-view-ejs/app.js",
    "start": 1555050104255,
    "end": 1555050104255,
    "duration": 0,
    "pid": 1264,
    "index": 57
  },
  {
    "name": "Require(49) node_modules/_egg-socket.io@4.1.5@egg-socket.io/app.js",
    "start": 1555050104255,
    "end": 1555050104282,
    "duration": 27,
    "pid": 1264,
    "index": 58
  },
  {
    "name": "Before Start in node_modules/_egg-watcher@3.1.0@egg-watcher/lib/init.js:15:14",
    "start": 1555050104294,
    "end": 1555050104639,
    "duration": 345,
    "pid": 1264,
    "index": 59
  },
  {
    "name": "Load Controller",
    "start": 1555050104334,
    "end": 1555050104614,
    "duration": 280,
    "pid": 1264,
    "index": 60
  },
  {
    "name": "Load \"controller\" to Application",
    "start": 1555050104334,
    "end": 1555050104614,
    "duration": 280,
    "pid": 1264,
    "index": 61
  },
  {
    "name": "Before Start in node_modules/_egg-socket.io@4.1.5@egg-socket.io/lib/io.js:26:7",
    "start": 1555050104336,
    "end": 1555050104626,
    "duration": 290,
    "pid": 1264,
    "index": 62
  },
  {
    "name": "Load Service",
    "start": 1555050104337,
    "end": 1555050104540,
    "duration": 203,
    "pid": 1264,
    "index": 63
  },
  {
    "name": "Load \"service\" to Context",
    "start": 1555050104337,
    "end": 1555050104540,
    "duration": 203,
    "pid": 1264,
    "index": 64
  },
  {
    "name": "Load Middleware",
    "start": 1555050104540,
    "end": 1555050104614,
    "duration": 74,
    "pid": 1264,
    "index": 65
  },
  {
    "name": "Load \"middlewares\" to Application",
    "start": 1555050104540,
    "end": 1555050104604,
    "duration": 64,
    "pid": 1264,
    "index": 66
  },
  {
    "name": "Load Controller",
    "start": 1555050104614,
    "end": 1555050104615,
    "duration": 1,
    "pid": 1264,
    "index": 67
  },
  {
    "name": "Load \"controller\" to Application",
    "start": 1555050104614,
    "end": 1555050104615,
    "duration": 1,
    "pid": 1264,
    "index": 68
  },
  {
    "name": "Load Router",
    "start": 1555050104615,
    "end": 1555050104617,
    "duration": 2,
    "pid": 1264,
    "index": 69
  },
  {
    "name": "Require(50) app/router.js",
    "start": 1555050104616,
    "end": 1555050104616,
    "duration": 0,
    "pid": 1264,
    "index": 70
  },
  {
    "name": "Before Start in node_modules/_egg-core@4.16.2@egg-core/lib/egg.js:303:10",
    "start": 1555050104616,
    "end": 1555050104626,
    "duration": 10,
    "pid": 1264,
    "index": 71
  }
]