[
  {
    "name": "Application Start",
    "start": 1555050178881,
    "end": 1555050179542,
    "duration": 661,
    "pid": 3440,
    "index": 0
  },
  {
    "name": "Load Plugin",
    "start": 1555050178889,
    "end": 1555050178910,
    "duration": 21,
    "pid": 3440,
    "index": 1
  },
  {
    "name": "Load Config",
    "start": 1555050178910,
    "end": 1555050178930,
    "duration": 20,
    "pid": 3440,
    "index": 2
  },
  {
    "name": "Require(0) config/config.default.js",
    "start": 1555050178911,
    "end": 1555050178911,
    "duration": 0,
    "pid": 3440,
    "index": 3
  },
  {
    "name": "Require(1) node_modules/_egg-session@3.1.0@egg-session/config/config.default.js",
    "start": 1555050178913,
    "end": 1555050178913,
    "duration": 0,
    "pid": 3440,
    "index": 4
  },
  {
    "name": "Require(2) node_modules/_egg-security@2.5.0@egg-security/config/config.default.js",
    "start": 1555050178914,
    "end": 1555050178914,
    "duration": 0,
    "pid": 3440,
    "index": 5
  },
  {
    "name": "Require(3) node_modules/_egg-jsonp@2.0.0@egg-jsonp/config/config.default.js",
    "start": 1555050178915,
    "end": 1555050178915,
    "duration": 0,
    "pid": 3440,
    "index": 6
  },
  {
    "name": "Require(4) node_modules/_egg-onerror@2.1.0@egg-onerror/config/config.default.js",
    "start": 1555050178915,
    "end": 1555050178915,
    "duration": 0,
    "pid": 3440,
    "index": 7
  },
  {
    "name": "Require(5) node_modules/_egg-i18n@2.0.0@egg-i18n/config/config.default.js",
    "start": 1555050178916,
    "end": 1555050178916,
    "duration": 0,
    "pid": 3440,
    "index": 8
  },
  {
    "name": "Require(6) node_modules/_egg-watcher@3.1.0@egg-watcher/config/config.default.js",
    "start": 1555050178918,
    "end": 1555050178919,
    "duration": 1,
    "pid": 3440,
    "index": 9
  },
  {
    "name": "Require(7) node_modules/_egg-schedule@3.6.1@egg-schedule/config/config.default.js",
    "start": 1555050178920,
    "end": 1555050178921,
    "duration": 1,
    "pid": 3440,
    "index": 10
  },
  {
    "name": "Require(8) node_modules/_egg-multipart@2.4.0@egg-multipart/config/config.default.js",
    "start": 1555050178922,
    "end": 1555050178922,
    "duration": 0,
    "pid": 3440,
    "index": 11
  },
  {
    "name": "Require(9) node_modules/_egg-development@2.4.2@egg-development/config/config.default.js",
    "start": 1555050178923,
    "end": 1555050178923,
    "duration": 0,
    "pid": 3440,
    "index": 12
  },
  {
    "name": "Require(10) node_modules/_egg-logrotator@3.0.7@egg-logrotator/config/config.default.js",
    "start": 1555050178923,
    "end": 1555050178924,
    "duration": 1,
    "pid": 3440,
    "index": 13
  },
  {
    "name": "Require(11) node_modules/_egg-static@2.2.0@egg-static/config/config.default.js",
    "start": 1555050178924,
    "end": 1555050178924,
    "duration": 0,
    "pid": 3440,
    "index": 14
  },
  {
    "name": "Require(12) node_modules/_egg-view@2.1.2@egg-view/config/config.default.js",
    "start": 1555050178925,
    "end": 1555050178925,
    "duration": 0,
    "pid": 3440,
    "index": 15
  },
  {
    "name": "Require(13) node_modules/_egg-view-ejs@2.0.0@egg-view-ejs/config/config.default.js",
    "start": 1555050178925,
    "end": 1555050178925,
    "duration": 0,
    "pid": 3440,
    "index": 16
  },
  {
    "name": "Require(14) node_modules/_egg-socket.io@4.1.5@egg-socket.io/config/config.default.js",
    "start": 1555050178926,
    "end": 1555050178926,
    "duration": 0,
    "pid": 3440,
    "index": 17
  },
  {
    "name": "Require(15) node_modules/_egg@2.21.0@egg/config/config.default.js",
    "start": 1555050178926,
    "end": 1555050178927,
    "duration": 1,
    "pid": 3440,
    "index": 18
  },
  {
    "name": "Require(16) config/config.default.js",
    "start": 1555050178927,
    "end": 1555050178927,
    "duration": 0,
    "pid": 3440,
    "index": 19
  },
  {
    "name": "Require(17) node_modules/_egg-security@2.5.0@egg-security/config/config.local.js",
    "start": 1555050178928,
    "end": 1555050178928,
    "duration": 0,
    "pid": 3440,
    "index": 20
  },
  {
    "name": "Require(18) node_modules/_egg-watcher@3.1.0@egg-watcher/config/config.local.js",
    "start": 1555050178928,
    "end": 1555050178929,
    "duration": 1,
    "pid": 3440,
    "index": 21
  },
  {
    "name": "Require(19) node_modules/_egg-view@2.1.2@egg-view/config/config.local.js",
    "start": 1555050178929,
    "end": 1555050178929,
    "duration": 0,
    "pid": 3440,
    "index": 22
  },
  {
    "name": "Require(20) node_modules/_egg-view-ejs@2.0.0@egg-view-ejs/config/config.local.js",
    "start": 1555050178930,
    "end": 1555050178930,
    "duration": 0,
    "pid": 3440,
    "index": 23
  },
  {
    "name": "Require(21) node_modules/_egg@2.21.0@egg/config/config.local.js",
    "start": 1555050178930,
    "end": 1555050178930,
    "duration": 0,
    "pid": 3440,
    "index": 24
  },
  {
    "name": "Load extend/application.js",
    "start": 1555050178932,
    "end": 1555050178993,
    "duration": 61,
    "pid": 3440,
    "index": 25
  },
  {
    "name": "Require(22) node_modules/_egg-session@3.1.0@egg-session/app/extend/application.js",
    "start": 1555050178932,
    "end": 1555050178933,
    "duration": 1,
    "pid": 3440,
    "index": 26
  },
  {
    "name": "Require(23) node_modules/_egg-security@2.5.0@egg-security/app/extend/application.js",
    "start": 1555050178934,
    "end": 1555050178938,
    "duration": 4,
    "pid": 3440,
    "index": 27
  },
  {
    "name": "Require(24) node_modules/_egg-jsonp@2.0.0@egg-jsonp/app/extend/application.js",
    "start": 1555050178940,
    "end": 1555050178943,
    "duration": 3,
    "pid": 3440,
    "index": 28
  },
  {
    "name": "Require(25) node_modules/_egg-logrotator@3.0.7@egg-logrotator/app/extend/application.js",
    "start": 1555050178944,
    "end": 1555050178946,
    "duration": 2,
    "pid": 3440,
    "index": 29
  },
  {
    "name": "Require(26) node_modules/_egg-view@2.1.2@egg-view/app/extend/application.js",
    "start": 1555050178947,
    "end": 1555050178949,
    "duration": 2,
    "pid": 3440,
    "index": 30
  },
  {
    "name": "Require(27) node_modules/_egg-socket.io@4.1.5@egg-socket.io/app/extend/application.js",
    "start": 1555050178949,
    "end": 1555050178991,
    "duration": 42,
    "pid": 3440,
    "index": 31
  },
  {
    "name": "Load extend/request.js",
    "start": 1555050178993,
    "end": 1555050178997,
    "duration": 4,
    "pid": 3440,
    "index": 32
  },
  {
    "name": "Require(28) node_modules/_egg@2.21.0@egg/app/extend/request.js",
    "start": 1555050178995,
    "end": 1555050178996,
    "duration": 1,
    "pid": 3440,
    "index": 33
  },
  {
    "name": "Load extend/response.js",
    "start": 1555050178997,
    "end": 1555050179005,
    "duration": 8,
    "pid": 3440,
    "index": 34
  },
  {
    "name": "Require(29) node_modules/_egg@2.21.0@egg/app/extend/response.js",
    "start": 1555050178998,
    "end": 1555050179004,
    "duration": 6,
    "pid": 3440,
    "index": 35
  },
  {
    "name": "Load extend/context.js",
    "start": 1555050179005,
    "end": 1555050179064,
    "duration": 59,
    "pid": 3440,
    "index": 36
  },
  {
    "name": "Require(30) node_modules/_egg-security@2.5.0@egg-security/app/extend/context.js",
    "start": 1555050179005,
    "end": 1555050179014,
    "duration": 9,
    "pid": 3440,
    "index": 37
  },
  {
    "name": "Require(31) node_modules/_egg-jsonp@2.0.0@egg-jsonp/app/extend/context.js",
    "start": 1555050179015,
    "end": 1555050179016,
    "duration": 1,
    "pid": 3440,
    "index": 38
  },
  {
    "name": "Require(32) node_modules/_egg-i18n@2.0.0@egg-i18n/app/extend/context.js",
    "start": 1555050179018,
    "end": 1555050179019,
    "duration": 1,
    "pid": 3440,
    "index": 39
  },
  {
    "name": "Require(33) node_modules/_egg-multipart@2.4.0@egg-multipart/app/extend/context.js",
    "start": 1555050179021,
    "end": 1555050179060,
    "duration": 39,
    "pid": 3440,
    "index": 40
  },
  {
    "name": "Require(34) node_modules/_egg-view@2.1.2@egg-view/app/extend/context.js",
    "start": 1555050179060,
    "end": 1555050179061,
    "duration": 1,
    "pid": 3440,
    "index": 41
  },
  {
    "name": "Require(35) node_modules/_egg@2.21.0@egg/app/extend/context.js",
    "start": 1555050179061,
    "end": 1555050179062,
    "duration": 1,
    "pid": 3440,
    "index": 42
  },
  {
    "name": "Load extend/helper.js",
    "start": 1555050179064,
    "end": 1555050179080,
    "duration": 16,
    "pid": 3440,
    "index": 43
  },
  {
    "name": "Require(36) node_modules/_egg-security@2.5.0@egg-security/app/extend/helper.js",
    "start": 1555050179064,
    "end": 1555050179078,
    "duration": 14,
    "pid": 3440,
    "index": 44
  },
  {
    "name": "Require(37) node_modules/_egg@2.21.0@egg/app/extend/helper.js",
    "start": 1555050179079,
    "end": 1555050179079,
    "duration": 0,
    "pid": 3440,
    "index": 45
  },
  {
    "name": "Load app.js",
    "start": 1555050179080,
    "end": 1555050179161,
    "duration": 81,
    "pid": 3440,
    "index": 46
  },
  {
    "name": "Require(38) node_modules/_egg-session@3.1.0@egg-session/app.js",
    "start": 1555050179081,
    "end": 1555050179081,
    "duration": 0,
    "pid": 3440,
    "index": 47
  },
  {
    "name": "Require(39) node_modules/_egg-security@2.5.0@egg-security/app.js",
    "start": 1555050179081,
    "end": 1555050179082,
    "duration": 1,
    "pid": 3440,
    "index": 48
  },
  {
    "name": "Require(40) node_modules/_egg-onerror@2.1.0@egg-onerror/app.js",
    "start": 1555050179083,
    "end": 1555050179094,
    "duration": 11,
    "pid": 3440,
    "index": 49
  },
  {
    "name": "Require(41) node_modules/_egg-i18n@2.0.0@egg-i18n/app.js",
    "start": 1555050179095,
    "end": 1555050179104,
    "duration": 9,
    "pid": 3440,
    "index": 50
  },
  {
    "name": "Require(42) node_modules/_egg-watcher@3.1.0@egg-watcher/app.js",
    "start": 1555050179105,
    "end": 1555050179109,
    "duration": 4,
    "pid": 3440,
    "index": 51
  },
  {
    "name": "Require(43) node_modules/_egg-schedule@3.6.1@egg-schedule/app.js",
    "start": 1555050179110,
    "end": 1555050179111,
    "duration": 1,
    "pid": 3440,
    "index": 52
  },
  {
    "name": "Require(44) node_modules/_egg-multipart@2.4.0@egg-multipart/app.js",
    "start": 1555050179112,
    "end": 1555050179114,
    "duration": 2,
    "pid": 3440,
    "index": 53
  },
  {
    "name": "Require(45) node_modules/_egg-development@2.4.2@egg-development/app.js",
    "start": 1555050179114,
    "end": 1555050179115,
    "duration": 1,
    "pid": 3440,
    "index": 54
  },
  {
    "name": "Require(46) node_modules/_egg-logrotator@3.0.7@egg-logrotator/app.js",
    "start": 1555050179115,
    "end": 1555050179115,
    "duration": 0,
    "pid": 3440,
    "index": 55
  },
  {
    "name": "Require(47) node_modules/_egg-static@2.2.0@egg-static/app.js",
    "start": 1555050179115,
    "end": 1555050179116,
    "duration": 1,
    "pid": 3440,
    "index": 56
  },
  {
    "name": "Require(48) node_modules/_egg-view-ejs@2.0.0@egg-view-ejs/app.js",
    "start": 1555050179117,
    "end": 1555050179117,
    "duration": 0,
    "pid": 3440,
    "index": 57
  },
  {
    "name": "Require(49) node_modules/_egg-socket.io@4.1.5@egg-socket.io/app.js",
    "start": 1555050179118,
    "end": 1555050179161,
    "duration": 43,
    "pid": 3440,
    "index": 58
  },
  {
    "name": "Before Start in node_modules/_egg-watcher@3.1.0@egg-watcher/lib/init.js:15:14",
    "start": 1555050179178,
    "end": 1555050179536,
    "duration": 358,
    "pid": 3440,
    "index": 59
  },
  {
    "name": "Load Controller",
    "start": 1555050179235,
    "end": 1555050179513,
    "duration": 278,
    "pid": 3440,
    "index": 60
  },
  {
    "name": "Load \"controller\" to Application",
    "start": 1555050179235,
    "end": 1555050179513,
    "duration": 278,
    "pid": 3440,
    "index": 61
  },
  {
    "name": "Before Start in node_modules/_egg-socket.io@4.1.5@egg-socket.io/lib/io.js:26:7",
    "start": 1555050179238,
    "end": 1555050179523,
    "duration": 285,
    "pid": 3440,
    "index": 62
  },
  {
    "name": "Load Service",
    "start": 1555050179239,
    "end": 1555050179449,
    "duration": 210,
    "pid": 3440,
    "index": 63
  },
  {
    "name": "Load \"service\" to Context",
    "start": 1555050179239,
    "end": 1555050179449,
    "duration": 210,
    "pid": 3440,
    "index": 64
  },
  {
    "name": "Load Middleware",
    "start": 1555050179449,
    "end": 1555050179513,
    "duration": 64,
    "pid": 3440,
    "index": 65
  },
  {
    "name": "Load \"middlewares\" to Application",
    "start": 1555050179449,
    "end": 1555050179505,
    "duration": 56,
    "pid": 3440,
    "index": 66
  },
  {
    "name": "Load Controller",
    "start": 1555050179513,
    "end": 1555050179514,
    "duration": 1,
    "pid": 3440,
    "index": 67
  },
  {
    "name": "Load \"controller\" to Application",
    "start": 1555050179513,
    "end": 1555050179514,
    "duration": 1,
    "pid": 3440,
    "index": 68
  },
  {
    "name": "Load Router",
    "start": 1555050179514,
    "end": 1555050179516,
    "duration": 2,
    "pid": 3440,
    "index": 69
  },
  {
    "name": "Require(50) app/router.js",
    "start": 1555050179514,
    "end": 1555050179514,
    "duration": 0,
    "pid": 3440,
    "index": 70
  },
  {
    "name": "Before Start in node_modules/_egg-core@4.16.2@egg-core/lib/egg.js:303:10",
    "start": 1555050179515,
    "end": 1555050179523,
    "duration": 8,
    "pid": 3440,
    "index": 71
  }
]